Date,Power,Detector,Quality
1-Jan-18,45,6,Bad
2-Jan-18,48,5,Good
3-Jan-18,60,11,Bad
4-Jan-18,50,2,Good
5-Jan-18,83,11,Bad
6-Jan-18,65,4,Bad
7-Jan-18,85,6,Good
8-Jan-18,70,1,Good
9-Jan-18,39,2,Bad
10-Jan-18,84,1,Bad
11-Jan-18,84,9,Good
12-Jan-18,17,9,Good
13-Jan-18,69,8,Bad
14-Jan-18,64,11,Bad
15-Jan-18,29,12,Bad
16-Jan-18,71,1,Good
17-Jan-18,6,8,Bad
18-Jan-18,4,4,Bad
19-Jan-18,83,5,Bad
20-Jan-18,49,10,Bad
21-Jan-18,90,0,Good
22-Jan-18,41,0,Bad
23-Jan-18,27,2,Good
24-Jan-18,100,1,Good
25-Jan-18,60,13,Good
26-Jan-18,8,7,Bad
27-Jan-18,88,1,Good
28-Jan-18,29,7,Bad
29-Jan-18,9,7,Good
30-Jan-18,28,12,Bad
31-Jan-18,33,7,Good
1-Feb-18,20,1,Bad
2-Feb-18,4,7,Good
3-Feb-18,27,8,Bad
4-Feb-18,48,7,Bad
5-Feb-18,49,3,Bad
6-Feb-18,58,11,Bad
7-Feb-18,100,11,Bad
8-Feb-18,100,12,Bad
9-Feb-18,62,3,Good
10-Feb-18,1,6,Good
11-Feb-18,20,2,Good
12-Feb-18,25,7,Bad
13-Feb-18,40,10,Bad
14-Feb-18,69,2,Good
15-Feb-18,61,13,Good
16-Feb-18,92,12,Bad
17-Feb-18,16,10,Good
18-Feb-18,85,8,Bad
19-Feb-18,1,8,Good
20-Feb-18,34,1,Bad
21-Feb-18,18,10,Good
22-Feb-18,57,11,Good
23-Feb-18,43,5,Good
24-Feb-18,16,8,Good
25-Feb-18,64,1,Good
26-Feb-18,32,4,Bad
27-Feb-18,31,4,Good
28-Feb-18,74,5,Good
1-Mar-18,78,6,Good
2-Mar-18,44,8,Good
3-Mar-18,97,3,Good
4-Mar-18,24,13,Good
5-Mar-18,39,9,Good
6-Mar-18,30,1,Good
7-Mar-18,77,2,Bad
8-Mar-18,13,0,Bad
9-Mar-18,63,13,Bad
10-Mar-18,88,2,Bad
11-Mar-18,78,7,Good
12-Mar-18,52,0,Good
13-Mar-18,96,6,Good
14-Mar-18,41,11,Good
15-Mar-18,50,7,Bad
16-Mar-18,87,3,Good
17-Mar-18,84,7,Bad
18-Mar-18,49,2,Good
19-Mar-18,7,8,Bad
20-Mar-18,39,5,Good
21-Mar-18,27,9,Good
22-Mar-18,3,10,Good
23-Mar-18,61,5,Bad
24-Mar-18,92,0,Bad
25-Mar-18,100,11,Bad
26-Mar-18,79,2,Good
27-Mar-18,97,7,Bad
28-Mar-18,79,3,Good
29-Mar-18,74,7,Good
30-Mar-18,71,1,Bad
31-Mar-18,20,3,Good
1-Apr-18,77,0,Bad
2-Apr-18,96,10,Bad
3-Apr-18,92,8,Bad
4-Apr-18,31,11,Good
5-Apr-18,7,2,Bad
6-Apr-18,96,12,Good
7-Apr-18,26,5,Good
8-Apr-18,66,6,Good
9-Apr-18,55,7,Bad
10-Apr-18,17,2,Bad
11-Apr-18,44,11,Good
12-Apr-18,48,6,Bad
13-Apr-18,17,9,Bad
14-Apr-18,58,9,Good
15-Apr-18,56,3,Bad
16-Apr-18,78,11,Bad
17-Apr-18,54,11,Good
18-Apr-18,4,6,Good
19-Apr-18,44,0,Bad
20-Apr-18,75,6,Good
21-Apr-18,96,1,Good
22-Apr-18,76,5,Bad
23-Apr-18,29,1,Good
24-Apr-18,46,2,Bad
25-Apr-18,44,13,Good
26-Apr-18,78,1,Good
27-Apr-18,8,13,Bad
28-Apr-18,57,2,Good
29-Apr-18,89,2,Good
30-Apr-18,89,7,Bad
1-May-18,22,10,Good
2-May-18,4,3,Good
3-May-18,59,4,Good
4-May-18,22,5,Good
5-May-18,67,7,Bad
6-May-18,60,13,Good
7-May-18,0,1,Good
8-May-18,25,4,Good
9-May-18,23,6,Good
10-May-18,80,0,Good
11-May-18,26,9,Bad
12-May-18,8,4,Good
13-May-18,94,13,Good
14-May-18,100,1,Bad
15-May-18,73,3,Good
16-May-18,17,11,Good
17-May-18,13,3,Bad
18-May-18,7,10,Good
19-May-18,29,10,Bad
20-May-18,73,10,Good
21-May-18,29,12,Good
22-May-18,20,3,Bad
23-May-18,50,1,Bad
24-May-18,93,6,Bad
25-May-18,37,13,Bad
26-May-18,2,9,Good
27-May-18,88,7,Good
28-May-18,68,2,Good
29-May-18,35,12,Good
30-May-18,37,7,Bad
31-May-18,27,6,Good
1-Jun-18,12,5,Bad
2-Jun-18,65,8,Bad
3-Jun-18,82,10,Bad
4-Jun-18,40,9,Bad
5-Jun-18,25,9,Bad
6-Jun-18,54,2,Bad
7-Jun-18,80,3,Bad
8-Jun-18,80,7,Bad
9-Jun-18,77,0,Good
10-Jun-18,16,3,Good
11-Jun-18,46,10,Bad
12-Jun-18,0,12,Bad
13-Jun-18,30,6,Bad
14-Jun-18,33,4,Good
15-Jun-18,88,3,Good
16-Jun-18,83,13,Good
17-Jun-18,85,3,Bad
18-Jun-18,45,12,Good
19-Jun-18,88,13,Bad
20-Jun-18,24,3,Bad
21-Jun-18,79,10,Good
22-Jun-18,44,8,Good
23-Jun-18,80,11,Good
24-Jun-18,56,10,Bad
25-Jun-18,85,12,Bad
26-Jun-18,47,4,Good
27-Jun-18,69,3,Good
28-Jun-18,42,5,Good
29-Jun-18,20,8,Good
30-Jun-18,10,6,Good
1-Jul-18,11,11,Good
2-Jul-18,50,1,Good
3-Jul-18,44,7,Good
4-Jul-18,91,1,Bad
5-Jul-18,33,4,Good
6-Jul-18,67,5,Good
7-Jul-18,88,13,Bad
8-Jul-18,36,1,Bad
9-Jul-18,97,0,Bad
10-Jul-18,67,11,Good
11-Jul-18,66,8,Good
12-Jul-18,0,10,Good
13-Jul-18,54,0,Bad
14-Jul-18,23,0,Good
15-Jul-18,82,3,Bad
16-Jul-18,35,5,Bad
17-Jul-18,52,13,Good
18-Jul-18,29,11,Bad
19-Jul-18,5,2,Bad
20-Jul-18,43,4,Bad
21-Jul-18,20,8,Good
22-Jul-18,64,11,Good
23-Jul-18,79,13,Good
24-Jul-18,42,6,Bad
25-Jul-18,13,2,Good
26-Jul-18,77,7,Bad
27-Jul-18,55,10,Bad
28-Jul-18,70,3,Bad
29-Jul-18,86,8,Good
30-Jul-18,39,0,Good
31-Jul-18,67,12,Bad
1-Aug-18,27,13,Bad
2-Aug-18,44,13,Bad
3-Aug-18,24,12,Good
4-Aug-18,0,13,Bad
5-Aug-18,97,0,Bad
6-Aug-18,5,13,Good
7-Aug-18,39,10,Good
8-Aug-18,58,7,Good
9-Aug-18,5,3,Good
10-Aug-18,99,3,Bad
11-Aug-18,77,6,Good
12-Aug-18,81,13,Good
13-Aug-18,90,9,Good
14-Aug-18,81,12,Good
15-Aug-18,42,4,Good
16-Aug-18,0,13,Good
17-Aug-18,74,8,Bad
18-Aug-18,20,11,Good
19-Aug-18,17,9,Bad
20-Aug-18,5,10,Bad
21-Aug-18,74,8,Bad
22-Aug-18,85,4,Bad
23-Aug-18,74,13,Good
24-Aug-18,63,1,Bad
25-Aug-18,82,4,Bad
26-Aug-18,13,10,Good
27-Aug-18,30,6,Good
28-Aug-18,30,2,Bad
29-Aug-18,98,5,Bad
30-Aug-18,79,5,Bad
31-Aug-18,22,10,Good
1-Sep-18,46,0,Good
2-Sep-18,86,6,Bad
3-Sep-18,33,1,Bad
4-Sep-18,91,4,Bad
5-Sep-18,2,2,Good
6-Sep-18,55,2,Good
7-Sep-18,18,8,Good
8-Sep-18,20,7,Bad
9-Sep-18,89,11,Good
10-Sep-18,40,5,Good
11-Sep-18,76,5,Good
12-Sep-18,38,9,Good
13-Sep-18,67,6,Bad
14-Sep-18,48,8,Good
15-Sep-18,1,4,Bad
16-Sep-18,8,0,Good
17-Sep-18,93,10,Good
18-Sep-18,83,10,Good
19-Sep-18,5,6,Bad
20-Sep-18,100,13,Good
21-Sep-18,71,10,Good
22-Sep-18,17,11,Bad
23-Sep-18,17,5,Good
24-Sep-18,49,11,Bad
25-Sep-18,59,8,Good
26-Sep-18,19,10,Good
27-Sep-18,28,2,Bad
28-Sep-18,39,1,Bad
29-Sep-18,43,4,Good
30-Sep-18,9,8,Bad
1-Oct-18,21,1,Bad
2-Oct-18,94,11,Good
3-Oct-18,76,9,Bad
4-Oct-18,35,6,Good
5-Oct-18,79,8,Good
6-Oct-18,82,1,Bad
7-Oct-18,70,13,Bad
8-Oct-18,54,5,Bad
9-Oct-18,33,8,Bad
10-Oct-18,71,3,Bad
11-Oct-18,22,8,Bad
12-Oct-18,100,11,Bad
13-Oct-18,17,5,Good
14-Oct-18,30,13,Bad
15-Oct-18,12,12,Bad
16-Oct-18,90,11,Good
17-Oct-18,86,6,Good
18-Oct-18,22,2,Good
19-Oct-18,10,10,Bad
20-Oct-18,64,3,Good
21-Oct-18,94,3,Good
22-Oct-18,35,4,Bad
23-Oct-18,14,0,Bad
24-Oct-18,14,11,Good
25-Oct-18,65,7,Bad
26-Oct-18,21,5,Good
27-Oct-18,29,13,Bad
28-Oct-18,98,7,Good
29-Oct-18,66,8,Good
30-Oct-18,51,3,Bad
31-Oct-18,85,4,Good
1-Nov-18,72,10,Bad
2-Nov-18,30,2,Good
3-Nov-18,31,2,Bad
4-Nov-18,80,6,Good
5-Nov-18,3,6,Good
6-Nov-18,15,2,Bad
7-Nov-18,12,11,Bad
8-Nov-18,26,12,Good
9-Nov-18,75,13,Good
10-Nov-18,55,3,Good
11-Nov-18,55,2,Good
12-Nov-18,92,9,Good
13-Nov-18,64,8,Good
14-Nov-18,46,0,Bad
15-Nov-18,36,12,Good
16-Nov-18,57,12,Good
17-Nov-18,9,2,Bad
18-Nov-18,50,7,Good
19-Nov-18,31,9,Good
20-Nov-18,75,11,Bad
21-Nov-18,29,7,Good
22-Nov-18,33,10,Bad
23-Nov-18,99,7,Bad
24-Nov-18,8,4,Bad
25-Nov-18,36,12,Good
26-Nov-18,44,3,Good
27-Nov-18,93,0,Good
28-Nov-18,55,6,Bad
29-Nov-18,34,4,Good
30-Nov-18,81,2,Good
1-Dec-18,90,4,Bad
2-Dec-18,89,6,Good
3-Dec-18,89,11,Good
4-Dec-18,70,1,Bad
5-Dec-18,76,0,Bad
6-Dec-18,98,4,Good
7-Dec-18,76,5,Good
8-Dec-18,66,0,Good
9-Dec-18,81,12,Good
10-Dec-18,54,1,Bad
11-Dec-18,53,5,Bad
12-Dec-18,4,10,Good
13-Dec-18,93,13,Bad
14-Dec-18,21,5,Bad
15-Dec-18,74,2,Bad
16-Dec-18,7,3,Bad
17-Dec-18,63,9,Bad
18-Dec-18,27,5,Good
19-Dec-18,36,7,Good
20-Dec-18,62,5,Good
21-Dec-18,26,4,Bad
22-Dec-18,28,5,Good
23-Dec-18,50,0,Good
24-Dec-18,10,5,Bad
25-Dec-18,13,12,Bad
26-Dec-18,54,8,Bad
27-Dec-18,45,5,Good
28-Dec-18,71,13,Bad
29-Dec-18,32,11,Good
30-Dec-18,81,11,Bad
31-Dec-18,54,1,Bad
1-Jan-19,12,3,Bad
2-Jan-19,86,10,Good
3-Jan-19,78,13,Bad
4-Jan-19,24,7,Good
5-Jan-19,96,6,Bad
6-Jan-19,63,6,Bad
7-Jan-19,85,6,Bad
8-Jan-19,95,5,Bad
9-Jan-19,68,2,Bad
10-Jan-19,62,9,Bad
11-Jan-19,61,13,Bad
12-Jan-19,92,1,Good
13-Jan-19,13,6,Bad
14-Jan-19,97,0,Good
15-Jan-19,79,12,Good
16-Jan-19,32,8,Good
17-Jan-19,77,4,Good
18-Jan-19,65,6,Bad
19-Jan-19,41,6,Good
20-Jan-19,36,8,Bad
21-Jan-19,66,6,Good
22-Jan-19,43,8,Good
23-Jan-19,14,13,Good
24-Jan-19,55,10,Bad
25-Jan-19,35,5,Bad
26-Jan-19,79,13,Bad
27-Jan-19,63,0,Good
28-Jan-19,94,3,Good
29-Jan-19,19,11,Good
30-Jan-19,13,7,Bad
31-Jan-19,44,3,Bad
1-Feb-19,18,6,Bad
2-Feb-19,37,10,Bad
3-Feb-19,8,0,Bad
4-Feb-19,40,9,Bad
5-Feb-19,48,8,Bad
6-Feb-19,31,7,Good
7-Feb-19,20,8,Good
8-Feb-19,11,0,Bad
9-Feb-19,64,1,Good
10-Feb-19,94,4,Good
11-Feb-19,16,3,Bad
12-Feb-19,79,9,Good
13-Feb-19,79,9,Good
14-Feb-19,53,8,Bad
15-Feb-19,98,7,Bad
16-Feb-19,8,8,Good
17-Feb-19,94,13,Bad
18-Feb-19,93,6,Bad
19-Feb-19,37,8,Good
20-Feb-19,25,13,Good
21-Feb-19,61,6,Good
22-Feb-19,46,6,Bad
23-Feb-19,78,4,Bad
24-Feb-19,81,13,Good
25-Feb-19,83,3,Bad
26-Feb-19,23,2,Bad
27-Feb-19,81,4,Bad
28-Feb-19,81,10,Good
1-Mar-19,89,4,Bad
2-Mar-19,28,0,Good
3-Mar-19,57,12,Bad
4-Mar-19,96,13,Bad
5-Mar-19,18,11,Bad
6-Mar-19,29,2,Good
7-Mar-19,83,9,Bad
8-Mar-19,12,3,Good
9-Mar-19,48,4,Good
10-Mar-19,66,3,Bad
11-Mar-19,74,12,Bad
12-Mar-19,1,12,Good
13-Mar-19,40,1,Bad
14-Mar-19,52,12,Good
15-Mar-19,91,2,Good
16-Mar-19,81,6,Good
17-Mar-19,48,10,Good
18-Mar-19,68,8,Bad
19-Mar-19,37,4,Good
20-Mar-19,52,2,Good
21-Mar-19,60,4,Good
22-Mar-19,22,12,Bad
23-Mar-19,25,2,Good
24-Mar-19,27,7,Good
25-Mar-19,16,5,Bad
26-Mar-19,43,2,Bad
27-Mar-19,55,9,Good
28-Mar-19,6,12,Bad
29-Mar-19,51,2,Bad
30-Mar-19,13,7,Good
31-Mar-19,46,6,Bad
1-Apr-19,75,13,Bad
2-Apr-19,97,5,Good
3-Apr-19,72,1,Good
4-Apr-19,24,7,Bad
5-Apr-19,97,10,Good
6-Apr-19,98,7,Good
7-Apr-19,8,12,Bad
8-Apr-19,28,11,Good
9-Apr-19,54,1,Bad
10-Apr-19,21,9,Good
11-Apr-19,39,11,Good
12-Apr-19,30,4,Bad
13-Apr-19,41,2,Good
14-Apr-19,97,1,Bad
15-Apr-19,100,10,Bad
16-Apr-19,37,2,Good
17-Apr-19,67,6,Good
18-Apr-19,42,12,Bad
19-Apr-19,88,9,Bad
20-Apr-19,99,4,Bad
21-Apr-19,90,4,Good
22-Apr-19,41,12,Bad
23-Apr-19,27,6,Good
24-Apr-19,59,5,Good
25-Apr-19,78,8,Bad
26-Apr-19,62,6,Good
27-Apr-19,77,10,Bad
28-Apr-19,79,10,Bad
29-Apr-19,77,11,Good
30-Apr-19,94,1,Good
1-May-19,58,3,Bad
2-May-19,60,10,Good
3-May-19,75,6,Bad
4-May-19,88,13,Bad
5-May-19,20,12,Good
6-May-19,23,5,Good
7-May-19,3,10,Good
8-May-19,92,1,Good
9-May-19,6,6,Good
10-May-19,85,8,Good
11-May-19,17,7,Good
12-May-19,75,8,Good
13-May-19,29,7,Bad
14-May-19,76,1,Bad
15-May-19,68,1,Bad
16-May-19,58,5,Good
17-May-19,95,10,Bad
18-May-19,56,5,Good
19-May-19,81,1,Good
20-May-19,41,4,Good
21-May-19,17,13,Bad
22-May-19,23,13,Bad
23-May-19,82,10,Good
24-May-19,72,8,Good
25-May-19,18,2,Good
26-May-19,70,0,Good
27-May-19,70,7,Good
28-May-19,11,8,Bad
29-May-19,76,4,Good
30-May-19,8,4,Bad
31-May-19,37,10,Bad
1-Jun-19,95,12,Bad
2-Jun-19,33,11,Good
3-Jun-19,88,12,Bad
4-Jun-19,79,1,Bad
5-Jun-19,68,10,Good
6-Jun-19,59,13,Good
7-Jun-19,78,2,Bad
8-Jun-19,44,4,Good
9-Jun-19,4,12,Good
10-Jun-19,18,3,Good
11-Jun-19,31,6,Bad
12-Jun-19,58,3,Good
13-Jun-19,11,5,Good
14-Jun-19,71,4,Good
15-Jun-19,21,11,Good
16-Jun-19,15,7,Bad
17-Jun-19,6,10,Good
18-Jun-19,43,8,Good
19-Jun-19,51,13,Bad
20-Jun-19,67,1,Bad
21-Jun-19,10,2,Bad
22-Jun-19,71,2,Bad
23-Jun-19,60,13,Bad
24-Jun-19,39,0,Bad
25-Jun-19,2,9,Good
26-Jun-19,75,8,Bad
27-Jun-19,44,2,Bad
28-Jun-19,87,0,Bad
29-Jun-19,35,10,Good
30-Jun-19,78,11,Good
1-Jul-19,41,1,Bad
2-Jul-19,90,7,Good
3-Jul-19,19,2,Bad
4-Jul-19,83,13,Good
5-Jul-19,3,11,Good
6-Jul-19,83,13,Bad
7-Jul-19,65,2,Bad
8-Jul-19,58,6,Bad
9-Jul-19,39,10,Bad
10-Jul-19,14,9,Good
11-Jul-19,53,2,Good
12-Jul-19,6,12,Bad
13-Jul-19,11,6,Bad
14-Jul-19,94,3,Bad
15-Jul-19,61,6,Good
16-Jul-19,45,13,Bad
17-Jul-19,26,9,Good
18-Jul-19,57,0,Good
19-Jul-19,92,4,Bad
20-Jul-19,37,1,Good
21-Jul-19,89,8,Bad
22-Jul-19,31,11,Good
23-Jul-19,8,6,Good
24-Jul-19,68,9,Good
25-Jul-19,84,7,Good
26-Jul-19,18,13,Bad
27-Jul-19,97,9,Bad
28-Jul-19,76,0,Good
29-Jul-19,66,13,Good
30-Jul-19,8,10,Good
31-Jul-19,43,1,Good
1-Aug-19,37,12,Bad
2-Aug-19,93,11,Bad
3-Aug-19,23,1,Good
4-Aug-19,97,7,Bad
5-Aug-19,38,8,Good
6-Aug-19,9,7,Bad
7-Aug-19,76,4,Good
8-Aug-19,57,9,Bad
9-Aug-19,76,12,Good
10-Aug-19,49,6,Good
11-Aug-19,92,11,Good
12-Aug-19,30,13,Good
13-Aug-19,16,7,Bad
14-Aug-19,83,4,Good
15-Aug-19,23,8,Good
16-Aug-19,0,3,Bad
17-Aug-19,86,10,Bad
18-Aug-19,55,11,Bad
19-Aug-19,71,11,Bad
20-Aug-19,7,12,Bad
21-Aug-19,86,6,Good
22-Aug-19,27,7,Bad
23-Aug-19,14,0,Bad
24-Aug-19,15,5,Bad
25-Aug-19,68,3,Good
26-Aug-19,13,10,Bad
27-Aug-19,5,4,Bad
28-Aug-19,34,12,Bad
29-Aug-19,6,6,Bad
30-Aug-19,7,9,Good
31-Aug-19,92,3,Good
1-Sep-19,81,6,Good
2-Sep-19,48,1,Bad
3-Sep-19,15,10,Good
4-Sep-19,90,0,Good
5-Sep-19,43,10,Bad
6-Sep-19,15,10,Bad
7-Sep-19,36,9,Good
8-Sep-19,72,9,Bad
9-Sep-19,53,5,Good
10-Sep-19,31,10,Good
11-Sep-19,68,13,Bad
12-Sep-19,96,10,Good
13-Sep-19,44,1,Bad
14-Sep-19,1,0,Bad
15-Sep-19,19,0,Good
16-Sep-19,75,2,Good
17-Sep-19,15,13,Good
18-Sep-19,74,3,Good
19-Sep-19,36,0,Good
20-Sep-19,77,11,Bad
21-Sep-19,22,12,Good
22-Sep-19,94,2,Bad
23-Sep-19,61,11,Good
24-Sep-19,39,5,Bad
25-Sep-19,52,9,Bad
26-Sep-19,86,7,Good
27-Sep-19,5,11,Bad
28-Sep-19,11,4,Good
29-Sep-19,63,13,Bad
30-Sep-19,36,10,Bad
1-Oct-19,82,8,Bad
2-Oct-19,53,13,Good
3-Oct-19,69,11,Good
4-Oct-19,13,7,Bad
5-Oct-19,76,11,Good
6-Oct-19,45,3,Bad
7-Oct-19,74,10,Bad
8-Oct-19,71,0,Bad
9-Oct-19,50,3,Good
10-Oct-19,86,6,Bad
11-Oct-19,36,2,Good
12-Oct-19,24,12,Bad
13-Oct-19,66,9,Good
14-Oct-19,16,7,Good
15-Oct-19,65,12,Good
16-Oct-19,0,12,Good
17-Oct-19,29,13,Bad
18-Oct-19,20,8,Good
19-Oct-19,56,5,Bad
20-Oct-19,56,8,Bad
21-Oct-19,0,9,Bad
22-Oct-19,14,9,Bad
23-Oct-19,88,6,Good
24-Oct-19,45,2,Bad
25-Oct-19,38,10,Bad
26-Oct-19,72,8,Bad
27-Oct-19,27,1,Good
28-Oct-19,59,1,Good
29-Oct-19,17,10,Good
30-Oct-19,71,11,Bad
31-Oct-19,17,3,Bad
1-Nov-19,83,8,Bad
2-Nov-19,39,13,Bad
3-Nov-19,9,0,Bad
4-Nov-19,74,11,Bad
5-Nov-19,36,4,Good
6-Nov-19,17,7,Good
7-Nov-19,18,3,Bad
8-Nov-19,21,0,Bad
9-Nov-19,46,11,Bad
10-Nov-19,83,8,Bad
11-Nov-19,21,10,Good
12-Nov-19,64,0,Good
13-Nov-19,5,11,Bad
14-Nov-19,6,10,Good
15-Nov-19,13,2,Good
16-Nov-19,95,1,Bad
17-Nov-19,42,5,Good
18-Nov-19,74,5,Good
19-Nov-19,85,3,Bad
20-Nov-19,39,1,Bad
21-Nov-19,91,12,Bad
22-Nov-19,86,8,Bad
23-Nov-19,55,2,Good
24-Nov-19,77,2,Bad
25-Nov-19,41,11,Good
26-Nov-19,61,8,Good
27-Nov-19,21,0,Good
28-Nov-19,68,1,Good
29-Nov-19,72,6,Good
30-Nov-19,97,7,Bad
1-Dec-19,94,3,Good
2-Dec-19,42,10,Good
3-Dec-19,92,12,Good
4-Dec-19,17,13,Bad
5-Dec-19,32,9,Bad
6-Dec-19,60,7,Bad
7-Dec-19,20,7,Bad
8-Dec-19,17,13,Good
9-Dec-19,69,10,Bad
10-Dec-19,9,4,Bad
11-Dec-19,49,6,Bad
12-Dec-19,3,10,Good
13-Dec-19,100,10,Bad
14-Dec-19,88,10,Good
15-Dec-19,28,9,Good
16-Dec-19,29,0,Bad
17-Dec-19,39,12,Bad
18-Dec-19,77,9,Bad
19-Dec-19,58,8,Bad
20-Dec-19,98,11,Good
21-Dec-19,49,3,Bad
22-Dec-19,17,10,Good
23-Dec-19,26,5,Good
24-Dec-19,55,12,Bad
25-Dec-19,7,8,Good
26-Dec-19,21,7,Bad
27-Dec-19,77,4,Bad
28-Dec-19,17,5,Bad
29-Dec-19,88,1,Good
30-Dec-19,87,8,Good
31-Dec-19,73,2,Good
1-Jan-20,73,1,Good
2-Jan-20,29,10,Bad
3-Jan-20,29,2,Bad
4-Jan-20,71,10,Bad
5-Jan-20,92,2,Good
6-Jan-20,66,0,Bad
7-Jan-20,53,11,Good
8-Jan-20,75,2,Good
9-Jan-20,10,0,Bad
10-Jan-20,84,3,Good
11-Jan-20,38,0,Bad
12-Jan-20,7,8,Bad
13-Jan-20,8,10,Bad
14-Jan-20,42,5,Good
15-Jan-20,37,7,Bad
16-Jan-20,48,4,Bad
17-Jan-20,78,0,Bad
18-Jan-20,91,0,Good
19-Jan-20,0,5,Bad
20-Jan-20,46,13,Bad
21-Jan-20,55,13,Bad
22-Jan-20,42,2,Bad
23-Jan-20,18,2,Good
24-Jan-20,89,0,Bad
25-Jan-20,14,8,Bad
26-Jan-20,54,10,Bad
27-Jan-20,61,13,Bad
28-Jan-20,75,1,Bad
29-Jan-20,42,9,Good
30-Jan-20,54,3,Bad
31-Jan-20,70,6,Good
1-Feb-20,31,0,Bad
2-Feb-20,98,8,Bad
3-Feb-20,57,11,Bad
4-Feb-20,71,11,Good
5-Feb-20,93,2,Bad
6-Feb-20,93,6,Good
7-Feb-20,40,12,Good
8-Feb-20,76,3,Bad
9-Feb-20,83,11,Good
10-Feb-20,67,9,Good
11-Feb-20,62,13,Bad
12-Feb-20,1,8,Good
13-Feb-20,98,10,Good
14-Feb-20,40,10,Good
15-Feb-20,99,4,Bad
16-Feb-20,42,0,Bad
17-Feb-20,24,0,Bad
18-Feb-20,33,2,Bad
19-Feb-20,82,11,Bad
20-Feb-20,89,9,Good
21-Feb-20,83,0,Bad
22-Feb-20,43,10,Bad
23-Feb-20,41,12,Bad
24-Feb-20,33,6,Bad
25-Feb-20,89,4,Good
26-Feb-20,90,10,Good
27-Feb-20,47,10,Bad
28-Feb-20,57,13,Good
29-Feb-20,35,12,Bad
1-Mar-20,43,11,Good
2-Mar-20,61,8,Bad
3-Mar-20,72,6,Bad
4-Mar-20,89,10,Good
5-Mar-20,94,4,Bad
6-Mar-20,28,8,Good
7-Mar-20,82,2,Good
8-Mar-20,84,6,Bad
9-Mar-20,33,12,Bad
10-Mar-20,90,4,Good
11-Mar-20,20,5,Bad
12-Mar-20,74,6,Good
13-Mar-20,73,3,Bad
14-Mar-20,61,7,Good
15-Mar-20,39,7,Bad
16-Mar-20,72,4,Good
17-Mar-20,13,6,Good
18-Mar-20,93,6,Good
19-Mar-20,25,4,Good
20-Mar-20,14,12,Good
21-Mar-20,72,5,Good
22-Mar-20,87,11,Bad
23-Mar-20,53,11,Bad
24-Mar-20,72,7,Good
25-Mar-20,77,1,Good
26-Mar-20,65,11,Good
27-Mar-20,40,7,Bad
28-Mar-20,88,13,Bad
29-Mar-20,33,5,Good
30-Mar-20,58,10,Good
31-Mar-20,90,7,Good
1-Apr-20,79,2,Bad
2-Apr-20,31,0,Bad
3-Apr-20,65,5,Bad
4-Apr-20,93,0,Good
5-Apr-20,36,12,Good
6-Apr-20,40,4,Bad
7-Apr-20,58,7,Bad
8-Apr-20,3,1,Good
9-Apr-20,14,13,Bad
10-Apr-20,58,0,Good
11-Apr-20,13,12,Good
12-Apr-20,23,5,Bad
13-Apr-20,46,13,Bad
14-Apr-20,54,7,Good
15-Apr-20,15,1,Good
16-Apr-20,22,5,Good
17-Apr-20,97,12,Bad
18-Apr-20,90,3,Good
19-Apr-20,61,1,Bad
20-Apr-20,31,11,Bad
21-Apr-20,94,0,Good
22-Apr-20,65,4,Good
23-Apr-20,80,2,Good
24-Apr-20,67,6,Bad
25-Apr-20,4,6,Bad
26-Apr-20,58,4,Good
27-Apr-20,29,13,Bad
28-Apr-20,55,1,Good
29-Apr-20,52,0,Bad
30-Apr-20,87,7,Bad
1-May-20,61,5,Good
2-May-20,38,11,Bad
3-May-20,25,12,Bad
4-May-20,64,6,Good
5-May-20,64,4,Bad
6-May-20,76,7,Good
7-May-20,25,10,Good
8-May-20,2,1,Bad
9-May-20,43,1,Bad
10-May-20,76,8,Bad
11-May-20,52,12,Good
12-May-20,85,13,Good
13-May-20,28,0,Good
14-May-20,50,8,Good
15-May-20,83,0,Bad
16-May-20,93,1,Bad
17-May-20,64,2,Bad
18-May-20,5,2,Good
19-May-20,21,12,Good
20-May-20,48,9,Bad
21-May-20,82,13,Good
22-May-20,51,8,Good
23-May-20,13,8,Good
24-May-20,65,3,Bad
25-May-20,50,11,Bad
26-May-20,100,11,Bad
27-May-20,2,2,Bad
28-May-20,95,2,Bad
29-May-20,54,0,Good
30-May-20,39,4,Good
31-May-20,96,3,Bad
1-Jun-20,64,0,Bad
2-Jun-20,43,8,Good
3-Jun-20,23,0,Good
4-Jun-20,94,7,Bad
5-Jun-20,4,10,Bad
6-Jun-20,11,0,Bad
7-Jun-20,48,3,Good
8-Jun-20,22,2,Good
9-Jun-20,37,6,Bad
10-Jun-20,44,6,Bad
11-Jun-20,33,11,Bad
12-Jun-20,48,0,Good
13-Jun-20,96,9,Good
14-Jun-20,66,13,Good
15-Jun-20,25,9,Bad
16-Jun-20,39,8,Bad
17-Jun-20,83,12,Good
18-Jun-20,33,11,Bad
19-Jun-20,0,1,Good
20-Jun-20,34,4,Good
21-Jun-20,99,9,Bad
22-Jun-20,98,0,Good
23-Jun-20,26,6,Bad
24-Jun-20,76,0,Bad
25-Jun-20,20,9,Good
26-Jun-20,60,9,Bad
27-Jun-20,46,8,Good
28-Jun-20,86,5,Bad
29-Jun-20,19,9,Good
30-Jun-20,12,8,Bad
1-Jul-20,14,3,Bad
2-Jul-20,98,8,Good
3-Jul-20,25,6,Bad
4-Jul-20,34,0,Good
5-Jul-20,36,13,Good
6-Jul-20,56,10,Good
7-Jul-20,56,0,Bad
8-Jul-20,56,0,Bad
9-Jul-20,54,7,Good
10-Jul-20,74,1,Bad
11-Jul-20,61,7,Good
12-Jul-20,97,7,Good
13-Jul-20,6,5,Good
14-Jul-20,65,12,Good
15-Jul-20,18,1,Bad
16-Jul-20,48,9,Good
17-Jul-20,25,6,Good
18-Jul-20,82,6,Good
19-Jul-20,3,8,Good
20-Jul-20,86,12,Bad
21-Jul-20,50,9,Good
22-Jul-20,65,6,Good
23-Jul-20,13,4,Good
24-Jul-20,17,6,Good
25-Jul-20,16,0,Bad
26-Jul-20,9,13,Bad
27-Jul-20,65,6,Good
28-Jul-20,55,13,Good
29-Jul-20,54,10,Good
30-Jul-20,28,8,Good
31-Jul-20,23,13,Bad
1-Aug-20,68,10,Bad
2-Aug-20,69,1,Good
3-Aug-20,74,11,Good
4-Aug-20,67,5,Good
5-Aug-20,70,7,Bad
6-Aug-20,57,3,Good
7-Aug-20,61,6,Bad
8-Aug-20,77,5,Bad
9-Aug-20,84,12,Good
10-Aug-20,5,9,Bad
11-Aug-20,92,11,Good
12-Aug-20,87,7,Good
13-Aug-20,67,3,Bad
14-Aug-20,70,5,Bad
15-Aug-20,61,3,Good
16-Aug-20,45,13,Good
17-Aug-20,58,11,Good
18-Aug-20,50,8,Bad
19-Aug-20,47,10,Bad
20-Aug-20,51,7,Bad
21-Aug-20,84,3,Bad
22-Aug-20,12,12,Good
23-Aug-20,78,9,Bad
24-Aug-20,85,6,Good
25-Aug-20,89,11,Good
26-Aug-20,10,11,Good
27-Aug-20,2,2,Good
28-Aug-20,71,13,Good
29-Aug-20,98,3,Bad
30-Aug-20,59,5,Bad
31-Aug-20,1,5,Bad
1-Sep-20,62,10,Bad
2-Sep-20,48,1,Good
3-Sep-20,61,5,Bad
4-Sep-20,32,12,Good
5-Sep-20,25,9,Bad
6-Sep-20,64,9,Bad
7-Sep-20,68,2,Bad
8-Sep-20,83,13,Good
9-Sep-20,93,2,Good
10-Sep-20,90,7,Bad
11-Sep-20,33,1,Bad
12-Sep-20,48,7,Bad
13-Sep-20,26,8,Bad
14-Sep-20,78,11,Good
15-Sep-20,37,9,Good
16-Sep-20,46,13,Bad
17-Sep-20,92,10,Bad
18-Sep-20,35,8,Good
19-Sep-20,34,13,Bad
20-Sep-20,99,5,Bad
21-Sep-20,6,4,Bad
22-Sep-20,9,7,Good
23-Sep-20,12,9,Good
24-Sep-20,79,12,Good
25-Sep-20,11,3,Bad
26-Sep-20,98,3,Bad
27-Sep-20,18,12,Good
28-Sep-20,19,1,Good
29-Sep-20,98,11,Bad
30-Sep-20,76,7,Good
1-Oct-20,56,5,Bad
2-Oct-20,48,2,Bad
3-Oct-20,63,3,Bad
4-Oct-20,6,7,Good
5-Oct-20,47,8,Good
6-Oct-20,46,9,Good
7-Oct-20,42,11,Bad
8-Oct-20,59,5,Good
9-Oct-20,59,6,Bad
10-Oct-20,61,8,Bad
11-Oct-20,99,8,Good
12-Oct-20,59,6,Bad
13-Oct-20,0,2,Bad
14-Oct-20,76,2,Bad
15-Oct-20,8,13,Bad
16-Oct-20,20,9,Good
17-Oct-20,28,3,Bad
18-Oct-20,57,11,Good
19-Oct-20,66,10,Good
20-Oct-20,69,5,Good
21-Oct-20,65,11,Bad
22-Oct-20,62,4,Good
23-Oct-20,74,13,Good
24-Oct-20,82,2,Bad
25-Oct-20,39,12,Good
26-Oct-20,81,6,Good
27-Oct-20,89,11,Bad
28-Oct-20,90,11,Good
29-Oct-20,75,2,Bad
30-Oct-20,70,6,Bad
31-Oct-20,17,0,Good
1-Nov-20,93,1,Bad
2-Nov-20,21,11,Bad
3-Nov-20,65,7,Good
4-Nov-20,37,6,Bad
5-Nov-20,95,3,Bad
6-Nov-20,70,3,Good
7-Nov-20,49,13,Bad
8-Nov-20,89,5,Bad
9-Nov-20,73,11,Good
10-Nov-20,33,9,Bad
11-Nov-20,91,8,Good
12-Nov-20,53,11,Bad
13-Nov-20,53,1,Bad
14-Nov-20,56,8,Good
15-Nov-20,24,1,Bad
16-Nov-20,57,13,Bad
17-Nov-20,23,13,Bad
18-Nov-20,33,13,Good
19-Nov-20,67,8,Good
20-Nov-20,7,13,Good
21-Nov-20,8,13,Good
22-Nov-20,55,6,Bad
23-Nov-20,72,9,Good
24-Nov-20,77,3,Bad
25-Nov-20,37,4,Bad
26-Nov-20,27,3,Bad
27-Nov-20,58,1,Good
28-Nov-20,66,6,Good
29-Nov-20,37,6,Bad
30-Nov-20,32,3,Bad
1-Dec-20,55,12,Good
2-Dec-20,7,5,Good
3-Dec-20,64,5,Good
4-Dec-20,61,0,Bad
5-Dec-20,90,4,Good
6-Dec-20,21,13,Good
7-Dec-20,85,9,Bad
8-Dec-20,10,4,Good
9-Dec-20,47,0,Good
10-Dec-20,71,7,Bad
11-Dec-20,62,7,Good
12-Dec-20,64,8,Good
13-Dec-20,1,12,Bad
14-Dec-20,59,10,Good
15-Dec-20,4,0,Bad
16-Dec-20,7,7,Bad
17-Dec-20,4,9,Bad
18-Dec-20,86,3,Good
19-Dec-20,92,9,Bad
20-Dec-20,24,1,Bad
21-Dec-20,88,5,Bad
22-Dec-20,95,2,Good
23-Dec-20,70,10,Good
24-Dec-20,93,11,Good
25-Dec-20,0,3,Bad
26-Dec-20,80,2,Good
27-Dec-20,22,3,Good
28-Dec-20,59,1,Bad
29-Dec-20,0,4,Good
30-Dec-20,2,12,Bad
31-Dec-20,41,1,Good
1-Jan-21,32,3,Bad
2-Jan-21,77,9,Good
3-Jan-21,43,2,Bad
4-Jan-21,94,12,Good
5-Jan-21,24,11,Bad
6-Jan-21,41,7,Bad
7-Jan-21,31,6,Bad
8-Jan-21,57,9,Bad
9-Jan-21,24,0,Good
10-Jan-21,28,1,Bad
11-Jan-21,80,7,Bad
12-Jan-21,97,0,Bad
13-Jan-21,29,2,Bad
14-Jan-21,90,10,Bad
15-Jan-21,38,8,Bad
16-Jan-21,83,3,Bad
17-Jan-21,55,13,Good
18-Jan-21,12,1,Bad
19-Jan-21,56,11,Bad
20-Jan-21,90,3,Bad
21-Jan-21,19,1,Good
22-Jan-21,44,8,Good
23-Jan-21,92,5,Good
24-Jan-21,99,1,Good
25-Jan-21,28,11,Good
26-Jan-21,64,0,Bad
27-Jan-21,26,2,Bad
28-Jan-21,48,4,Good
29-Jan-21,27,11,Good
30-Jan-21,10,3,Bad
31-Jan-21,4,7,Bad
1-Feb-21,31,1,Good
2-Feb-21,63,10,Good
3-Feb-21,51,0,Bad
4-Feb-21,58,0,Bad
5-Feb-21,23,10,Bad
6-Feb-21,72,6,Good
7-Feb-21,76,6,Bad
8-Feb-21,77,4,Good
9-Feb-21,29,2,Bad
10-Feb-21,24,12,Bad
11-Feb-21,2,2,Bad
12-Feb-21,66,9,Good
13-Feb-21,59,12,Bad
14-Feb-21,35,4,Good
15-Feb-21,92,5,Bad
16-Feb-21,18,11,Bad
17-Feb-21,18,10,Bad
18-Feb-21,63,11,Bad
19-Feb-21,11,10,Good
20-Feb-21,62,5,Good
21-Feb-21,10,9,Bad
22-Feb-21,52,2,Bad
23-Feb-21,78,5,Good
24-Feb-21,5,11,Good
25-Feb-21,91,5,Good
26-Feb-21,93,4,Bad
27-Feb-21,78,9,Bad
28-Feb-21,44,12,Bad
1-Mar-21,2,12,Good
2-Mar-21,95,9,Bad
3-Mar-21,41,6,Good
4-Mar-21,45,4,Bad
5-Mar-21,55,8,Bad
6-Mar-21,28,0,Good
7-Mar-21,58,11,Bad
8-Mar-21,91,0,Good
9-Mar-21,15,12,Good
10-Mar-21,43,4,Good
11-Mar-21,12,2,Good
12-Mar-21,35,13,Bad
13-Mar-21,13,12,Good
14-Mar-21,71,13,Good
15-Mar-21,73,8,Good
16-Mar-21,59,2,Good
17-Mar-21,24,3,Good
18-Mar-21,90,1,Bad
19-Mar-21,83,11,Good
20-Mar-21,16,4,Good
21-Mar-21,71,12,Good
22-Mar-21,68,11,Good
23-Mar-21,31,7,Good
24-Mar-21,49,3,Good
25-Mar-21,2,10,Bad
26-Mar-21,41,10,Good
27-Mar-21,85,8,Bad
28-Mar-21,24,8,Good
29-Mar-21,81,10,Bad
30-Mar-21,28,10,Bad
31-Mar-21,8,4,Good
1-Apr-21,77,9,Good
2-Apr-21,87,2,Good
3-Apr-21,51,10,Good
4-Apr-21,58,6,Bad
5-Apr-21,53,10,Good
6-Apr-21,73,7,Good
7-Apr-21,41,1,Bad
8-Apr-21,25,2,Bad
9-Apr-21,32,10,Good
10-Apr-21,3,4,Good
11-Apr-21,86,9,Good
12-Apr-21,7,1,Bad
13-Apr-21,67,5,Good
14-Apr-21,5,5,Bad
15-Apr-21,91,0,Good
16-Apr-21,7,8,Bad
17-Apr-21,4,5,Bad
18-Apr-21,79,7,Good
19-Apr-21,67,4,Good
20-Apr-21,79,7,Good
21-Apr-21,87,12,Bad
22-Apr-21,19,1,Bad
23-Apr-21,70,7,Good
24-Apr-21,62,2,Good
25-Apr-21,36,11,Bad
26-Apr-21,16,10,Good
27-Apr-21,71,1,Good
28-Apr-21,100,3,Bad
29-Apr-21,6,12,Good
30-Apr-21,79,9,Good
1-May-21,33,13,Bad
2-May-21,35,6,Good
3-May-21,34,2,Good
4-May-21,32,0,Bad
5-May-21,98,7,Good
6-May-21,34,4,Bad
7-May-21,11,5,Good
8-May-21,86,7,Bad
9-May-21,55,7,Good
10-May-21,8,0,Bad
11-May-21,9,12,Good
12-May-21,82,8,Good
13-May-21,7,7,Good
14-May-21,17,12,Good
15-May-21,37,12,Bad
16-May-21,61,8,Bad
17-May-21,85,1,Bad
18-May-21,90,4,Good
19-May-21,12,7,Bad
20-May-21,39,8,Bad
21-May-21,32,13,Bad
22-May-21,57,7,Good
23-May-21,46,1,Bad
24-May-21,30,11,Good
25-May-21,17,10,Bad
26-May-21,91,7,Bad
27-May-21,61,6,Good
28-May-21,79,0,Good
29-May-21,19,3,Good
30-May-21,45,5,Good
31-May-21,17,7,Good
1-Jun-21,47,13,Good
2-Jun-21,13,0,Good
3-Jun-21,55,9,Good
4-Jun-21,25,5,Good
5-Jun-21,28,8,Good
6-Jun-21,65,6,Bad
7-Jun-21,55,12,Good
8-Jun-21,78,6,Bad
9-Jun-21,98,5,Bad
10-Jun-21,44,12,Bad
11-Jun-21,43,10,Bad
12-Jun-21,37,3,Bad
13-Jun-21,32,2,Good
14-Jun-21,7,10,Good
15-Jun-21,29,6,Good
16-Jun-21,58,12,Good
17-Jun-21,42,5,Good
18-Jun-21,17,2,Good
19-Jun-21,25,11,Good
20-Jun-21,12,9,Good
21-Jun-21,96,5,Bad
22-Jun-21,5,11,Bad
23-Jun-21,65,4,Good
24-Jun-21,55,8,Good
25-Jun-21,43,2,Bad
26-Jun-21,81,12,Good
27-Jun-21,14,10,Good
28-Jun-21,24,11,Bad
29-Jun-21,77,13,Good
30-Jun-21,94,11,Good
1-Jul-21,89,13,Bad
2-Jul-21,59,2,Bad
3-Jul-21,61,4,Bad
4-Jul-21,48,2,Bad
5-Jul-21,45,8,Good
6-Jul-21,96,9,Bad
7-Jul-21,100,3,Good
8-Jul-21,39,5,Bad
9-Jul-21,37,3,Good
10-Jul-21,68,6,Bad
11-Jul-21,58,12,Good
12-Jul-21,72,5,Good
13-Jul-21,6,3,Good
14-Jul-21,59,3,Good
15-Jul-21,74,6,Good
16-Jul-21,69,10,Good
17-Jul-21,25,1,Bad
18-Jul-21,49,5,Bad
19-Jul-21,62,7,Bad
20-Jul-21,49,1,Bad
21-Jul-21,82,0,Bad
22-Jul-21,86,1,Bad
23-Jul-21,57,8,Bad
24-Jul-21,29,6,Bad
25-Jul-21,85,2,Bad
26-Jul-21,5,4,Good
27-Jul-21,1,11,Good
28-Jul-21,56,10,Bad
29-Jul-21,61,1,Bad
30-Jul-21,98,12,Good
31-Jul-21,83,6,Good
1-Aug-21,90,4,Good
2-Aug-21,56,11,Good
3-Aug-21,63,1,Good
4-Aug-21,44,8,Bad
5-Aug-21,86,1,Good
6-Aug-21,95,10,Bad
7-Aug-21,48,11,Good
8-Aug-21,5,9,Good
9-Aug-21,85,6,Bad
10-Aug-21,19,11,Good
11-Aug-21,3,10,Bad
12-Aug-21,92,4,Good
13-Aug-21,7,8,Good
14-Aug-21,75,5,Bad
15-Aug-21,95,2,Bad
16-Aug-21,73,10,Bad
17-Aug-21,31,1,Good
18-Aug-21,42,7,Bad
19-Aug-21,58,9,Good
20-Aug-21,95,1,Bad
21-Aug-21,43,10,Good
22-Aug-21,41,2,Good
23-Aug-21,13,13,Bad
24-Aug-21,73,7,Bad
25-Aug-21,8,4,Good
26-Aug-21,79,4,Bad
27-Aug-21,21,10,Good
28-Aug-21,31,10,Bad
29-Aug-21,34,1,Good
30-Aug-21,58,12,Bad
31-Aug-21,5,3,Good
1-Sep-21,13,12,Bad
2-Sep-21,11,12,Bad
3-Sep-21,44,6,Bad
4-Sep-21,83,7,Good
5-Sep-21,91,9,Good
6-Sep-21,53,5,Good
7-Sep-21,95,5,Bad
8-Sep-21,50,5,Bad
9-Sep-21,7,5,Bad
10-Sep-21,50,13,Bad
11-Sep-21,57,13,Good
12-Sep-21,5,8,Good
13-Sep-21,49,2,Good
14-Sep-21,23,13,Bad
15-Sep-21,89,9,Good
16-Sep-21,47,10,Bad
17-Sep-21,2,8,Good
18-Sep-21,3,9,Bad
19-Sep-21,23,0,Bad
20-Sep-21,68,4,Bad
21-Sep-21,75,8,Good
22-Sep-21,26,6,Bad
23-Sep-21,58,5,Good
24-Sep-21,46,13,Good
25-Sep-21,56,6,Good
26-Sep-21,16,6,Bad
27-Sep-21,53,8,Good
28-Sep-21,87,7,Bad
29-Sep-21,50,0,Good
30-Sep-21,79,9,Good
1-Oct-21,36,4,Bad
2-Oct-21,54,5,Good
3-Oct-21,43,11,Good
4-Oct-21,85,6,Good
5-Oct-21,89,11,Bad
6-Oct-21,9,5,Bad
7-Oct-21,20,9,Good
8-Oct-21,15,0,Good
9-Oct-21,98,8,Good
10-Oct-21,36,8,Good
11-Oct-21,83,1,Good
12-Oct-21,8,8,Good
13-Oct-21,43,11,Good
14-Oct-21,34,2,Bad
15-Oct-21,68,1,Good
16-Oct-21,59,9,Good
17-Oct-21,47,13,Good
18-Oct-21,1,8,Bad
19-Oct-21,66,12,Good
20-Oct-21,96,3,Bad
21-Oct-21,89,2,Good
22-Oct-21,34,9,Good
23-Oct-21,41,13,Bad
24-Oct-21,63,12,Bad
25-Oct-21,40,13,Bad
26-Oct-21,45,13,Bad
27-Oct-21,92,2,Bad
28-Oct-21,97,1,Good
29-Oct-21,64,0,Good
30-Oct-21,15,8,Good
31-Oct-21,34,2,Good
1-Nov-21,63,1,Bad
2-Nov-21,57,0,Bad
3-Nov-21,7,3,Bad
4-Nov-21,47,9,Bad
5-Nov-21,90,10,Good
6-Nov-21,86,3,Bad
7-Nov-21,74,5,Good
8-Nov-21,1,5,Bad
9-Nov-21,100,6,Good
10-Nov-21,3,2,Good
11-Nov-21,27,3,Good
12-Nov-21,94,6,Good
13-Nov-21,12,8,Bad
14-Nov-21,66,5,Good
15-Nov-21,9,5,Bad
16-Nov-21,7,11,Good
17-Nov-21,30,1,Bad
18-Nov-21,96,12,Good
19-Nov-21,92,4,Good
20-Nov-21,21,1,Good
21-Nov-21,19,11,Bad
22-Nov-21,50,1,Bad
23-Nov-21,58,9,Bad
24-Nov-21,28,3,Good
25-Nov-21,28,12,Bad
26-Nov-21,6,12,Bad
27-Nov-21,83,8,Good
28-Nov-21,47,9,Bad
29-Nov-21,75,2,Bad
30-Nov-21,49,5,Bad
1-Dec-21,77,0,Good
2-Dec-21,41,9,Bad
3-Dec-21,86,6,Good
4-Dec-21,37,8,Bad
5-Dec-21,56,2,Good
6-Dec-21,3,4,Good
7-Dec-21,26,4,Good
8-Dec-21,3,13,Bad
9-Dec-21,93,9,Good
10-Dec-21,14,8,Good
11-Dec-21,4,0,Good
12-Dec-21,42,11,Bad
13-Dec-21,38,6,Bad
14-Dec-21,19,11,Bad
15-Dec-21,58,6,Bad
16-Dec-21,42,12,Bad
17-Dec-21,52,2,Bad
18-Dec-21,85,13,Bad
19-Dec-21,84,8,Good
20-Dec-21,40,13,Bad
21-Dec-21,98,12,Bad
22-Dec-21,17,8,Good
23-Dec-21,18,13,Bad
24-Dec-21,40,6,Good
25-Dec-21,70,11,Good
26-Dec-21,63,9,Bad
27-Dec-21,55,7,Good
28-Dec-21,98,10,Bad
29-Dec-21,22,1,Good
30-Dec-21,6,5,Bad
31-Dec-21,45,11,Bad
1-Jan-22,52,1,Bad
2-Jan-22,42,11,Good
3-Jan-22,35,2,Bad
4-Jan-22,15,5,Good
5-Jan-22,23,2,Bad
6-Jan-22,47,10,Bad
7-Jan-22,28,13,Bad
8-Jan-22,57,10,Bad
9-Jan-22,16,9,Good
10-Jan-22,41,13,Bad
11-Jan-22,93,6,Good
12-Jan-22,41,1,Good
13-Jan-22,97,8,Bad
14-Jan-22,9,12,Bad
15-Jan-22,88,1,Good
16-Jan-22,99,6,Bad
17-Jan-22,74,2,Bad
18-Jan-22,66,5,Good
19-Jan-22,33,6,Bad
20-Jan-22,23,7,Bad
21-Jan-22,87,5,Good
22-Jan-22,63,11,Good
23-Jan-22,50,12,Bad
24-Jan-22,97,12,Bad
25-Jan-22,66,13,Bad
26-Jan-22,17,9,Good
27-Jan-22,17,5,Good
28-Jan-22,39,2,Bad
29-Jan-22,67,4,Bad
30-Jan-22,56,9,Good
31-Jan-22,93,2,Bad
1-Feb-22,34,9,Good
2-Feb-22,29,0,Bad
3-Feb-22,82,3,Good
4-Feb-22,65,12,Bad
5-Feb-22,75,0,Good
6-Feb-22,86,11,Good
7-Feb-22,47,5,Good
8-Feb-22,5,7,Good
9-Feb-22,50,7,Bad
10-Feb-22,35,7,Good
11-Feb-22,63,12,Good
12-Feb-22,53,12,Good
13-Feb-22,88,0,Good
14-Feb-22,99,5,Good
15-Feb-22,88,0,Good
16-Feb-22,73,11,Bad
17-Feb-22,44,8,Bad
18-Feb-22,42,5,Good
19-Feb-22,19,6,Good
20-Feb-22,18,4,Good
21-Feb-22,33,0,Good
22-Feb-22,72,12,Bad
23-Feb-22,50,6,Bad
24-Feb-22,4,3,Good
25-Feb-22,75,2,Good
26-Feb-22,40,9,Good
27-Feb-22,92,0,Bad
28-Feb-22,60,4,Good
1-Mar-22,82,4,Good
2-Mar-22,67,11,Bad
3-Mar-22,86,2,Bad
4-Mar-22,12,2,Bad
5-Mar-22,96,8,Good
6-Mar-22,50,11,Bad
7-Mar-22,9,13,Good
8-Mar-22,27,7,Bad
9-Mar-22,43,7,Bad
10-Mar-22,62,4,Bad
11-Mar-22,21,3,Good
12-Mar-22,9,10,Bad
13-Mar-22,55,10,Good
14-Mar-22,84,7,Bad
15-Mar-22,93,3,Bad
16-Mar-22,29,10,Bad
17-Mar-22,45,3,Good
18-Mar-22,66,5,Good
19-Mar-22,94,8,Good
20-Mar-22,79,3,Bad
21-Mar-22,9,12,Bad
22-Mar-22,81,8,Bad
23-Mar-22,14,13,Good
24-Mar-22,3,9,Bad
25-Mar-22,31,3,Good
26-Mar-22,16,9,Good
27-Mar-22,38,11,Bad
28-Mar-22,96,2,Good
29-Mar-22,52,5,Good
30-Mar-22,18,9,Bad
31-Mar-22,54,6,Good
1-Apr-22,38,2,Bad
2-Apr-22,85,9,Bad
3-Apr-22,20,12,Good
4-Apr-22,57,7,Bad
5-Apr-22,83,2,Good
6-Apr-22,97,11,Bad
7-Apr-22,61,5,Good
8-Apr-22,18,10,Bad
9-Apr-22,38,13,Bad
10-Apr-22,14,0,Good
11-Apr-22,82,8,Bad
12-Apr-22,43,7,Good
13-Apr-22,61,5,Bad
14-Apr-22,95,11,Bad
15-Apr-22,66,6,Good
16-Apr-22,42,4,Bad
17-Apr-22,27,1,Bad
18-Apr-22,15,5,Good
19-Apr-22,74,0,Bad
20-Apr-22,48,5,Good
21-Apr-22,59,5,Bad
22-Apr-22,76,12,Good
23-Apr-22,79,8,Good
24-Apr-22,4,13,Bad
25-Apr-22,7,1,Bad
26-Apr-22,63,8,Bad
27-Apr-22,35,0,Good
28-Apr-22,59,3,Bad
29-Apr-22,33,2,Good
30-Apr-22,53,13,Good
1-May-22,15,10,Bad
2-May-22,6,3,Good
3-May-22,7,7,Good
4-May-22,82,1,Good
5-May-22,28,9,Bad
6-May-22,94,1,Good
7-May-22,83,4,Bad
8-May-22,71,8,Good
9-May-22,47,2,Bad
10-May-22,63,12,Bad
11-May-22,22,7,Bad
12-May-22,13,0,Bad
13-May-22,16,4,Good
14-May-22,85,3,Bad
15-May-22,92,2,Good
16-May-22,2,12,Bad
17-May-22,57,5,Good
18-May-22,32,0,Good
19-May-22,50,3,Good
20-May-22,88,11,Bad
21-May-22,100,12,Good
22-May-22,22,7,Good
23-May-22,15,5,Good
24-May-22,95,2,Bad
25-May-22,58,6,Bad
26-May-22,13,12,Good
27-May-22,86,5,Bad
28-May-22,83,10,Bad
29-May-22,74,9,Good
30-May-22,62,11,Good
31-May-22,77,5,Good
1-Jun-22,50,4,Bad
2-Jun-22,17,13,Good
3-Jun-22,75,7,Bad
4-Jun-22,92,7,Good
5-Jun-22,54,13,Good
6-Jun-22,70,0,Good
7-Jun-22,65,6,Bad
8-Jun-22,39,5,Good
9-Jun-22,25,3,Bad
10-Jun-22,45,0,Good
11-Jun-22,93,5,Bad
12-Jun-22,47,6,Good
13-Jun-22,24,6,Bad
14-Jun-22,90,1,Bad
15-Jun-22,14,13,Bad
16-Jun-22,2,13,Good
17-Jun-22,54,6,Good
18-Jun-22,32,4,Bad
19-Jun-22,9,2,Bad
20-Jun-22,24,1,Good
21-Jun-22,11,12,Bad
22-Jun-22,42,7,Good
23-Jun-22,73,4,Bad
24-Jun-22,61,0,Bad
25-Jun-22,10,12,Good
26-Jun-22,66,9,Bad
27-Jun-22,55,0,Good
28-Jun-22,6,11,Good
29-Jun-22,55,2,Bad
30-Jun-22,69,5,Good
1-Jul-22,14,1,Good
2-Jul-22,84,10,Bad
3-Jul-22,35,2,Bad
4-Jul-22,47,12,Good
5-Jul-22,31,1,Good
6-Jul-22,95,2,Good
7-Jul-22,88,2,Good
8-Jul-22,88,5,Good
9-Jul-22,81,5,Bad
10-Jul-22,15,13,Bad
11-Jul-22,3,3,Good
12-Jul-22,97,6,Bad
13-Jul-22,42,7,Bad
14-Jul-22,28,2,Good
15-Jul-22,41,7,Good
16-Jul-22,5,6,Good
17-Jul-22,18,10,Bad
18-Jul-22,63,8,Good
19-Jul-22,66,8,Bad
20-Jul-22,64,3,Good
21-Jul-22,24,1,Good
22-Jul-22,36,6,Bad
23-Jul-22,75,5,Good
24-Jul-22,27,11,Good
25-Jul-22,1,0,Good
26-Jul-22,75,0,Bad
27-Jul-22,24,2,Bad
28-Jul-22,58,5,Good
29-Jul-22,96,0,Bad
30-Jul-22,34,10,Good
31-Jul-22,78,6,Good
1-Aug-22,97,4,Bad
2-Aug-22,8,9,Bad
3-Aug-22,80,2,Good
4-Aug-22,66,6,Bad
5-Aug-22,78,2,Good
6-Aug-22,63,4,Good
7-Aug-22,12,0,Bad
8-Aug-22,7,13,Bad
9-Aug-22,7,1,Good
10-Aug-22,21,2,Bad
11-Aug-22,73,0,Good
12-Aug-22,56,1,Bad
13-Aug-22,46,11,Good
14-Aug-22,75,13,Bad
15-Aug-22,10,4,Bad
16-Aug-22,13,2,Bad
17-Aug-22,44,9,Bad
18-Aug-22,28,2,Bad
19-Aug-22,79,1,Good
20-Aug-22,80,1,Bad
21-Aug-22,45,10,Good
22-Aug-22,68,0,Good
23-Aug-22,6,10,Good
24-Aug-22,93,1,Bad
25-Aug-22,4,5,Bad
26-Aug-22,50,7,Good
27-Aug-22,68,13,Good
28-Aug-22,51,0,Good
29-Aug-22,64,6,Bad
30-Aug-22,75,13,Good
31-Aug-22,74,10,Bad
1-Sep-22,86,11,Bad
2-Sep-22,100,10,Bad
3-Sep-22,37,10,Bad
4-Sep-22,8,10,Bad
5-Sep-22,71,11,Bad
6-Sep-22,11,3,Bad
7-Sep-22,80,9,Good
8-Sep-22,12,8,Bad
9-Sep-22,66,12,Good
10-Sep-22,90,8,Bad
11-Sep-22,75,1,Good
12-Sep-22,42,1,Good
13-Sep-22,75,0,Bad
14-Sep-22,38,12,Bad
15-Sep-22,53,10,Good
16-Sep-22,63,5,Good
17-Sep-22,94,6,Good
18-Sep-22,37,7,Bad
19-Sep-22,24,3,Good
20-Sep-22,68,1,Bad
21-Sep-22,73,3,Good
22-Sep-22,32,7,Bad
23-Sep-22,18,2,Bad
24-Sep-22,65,9,Bad
25-Sep-22,30,4,Bad
26-Sep-22,17,13,Good
27-Sep-22,46,10,Bad
28-Sep-22,27,3,Good
29-Sep-22,54,1,Good
30-Sep-22,63,6,Bad
1-Oct-22,0,1,Good
2-Oct-22,93,2,Good
3-Oct-22,97,8,Good
4-Oct-22,43,10,Good
5-Oct-22,54,2,Good
6-Oct-22,57,1,Bad
7-Oct-22,33,9,Good
8-Oct-22,62,11,Good
9-Oct-22,27,5,Good
10-Oct-22,26,1,Bad
11-Oct-22,81,10,Good
12-Oct-22,41,6,Good
13-Oct-22,88,11,Bad
14-Oct-22,74,7,Good
15-Oct-22,96,4,Bad
16-Oct-22,90,10,Good
17-Oct-22,42,0,Bad
18-Oct-22,77,12,Bad
19-Oct-22,12,6,Good
20-Oct-22,18,0,Bad
21-Oct-22,64,0,Bad
22-Oct-22,22,1,Bad
23-Oct-22,47,10,Good
24-Oct-22,72,12,Bad
25-Oct-22,10,4,Bad
26-Oct-22,18,9,Good
27-Oct-22,34,4,Good
28-Oct-22,99,7,Good
29-Oct-22,73,7,Bad
30-Oct-22,13,8,Bad
31-Oct-22,97,6,Good
1-Nov-22,31,1,Good
2-Nov-22,24,12,Good
3-Nov-22,16,4,Good
4-Nov-22,44,9,Bad
5-Nov-22,65,9,Bad
6-Nov-22,85,3,Bad
7-Nov-22,16,11,Good
8-Nov-22,95,10,Bad
9-Nov-22,34,3,Bad
10-Nov-22,47,2,Bad
11-Nov-22,11,3,Bad
12-Nov-22,40,3,Good
13-Nov-22,13,12,Bad
14-Nov-22,13,0,Good
15-Nov-22,56,1,Good
16-Nov-22,93,1,Bad
17-Nov-22,28,12,Good
18-Nov-22,21,0,Bad
19-Nov-22,17,6,Good
20-Nov-22,16,7,Good
21-Nov-22,61,12,Good
22-Nov-22,76,5,Good
23-Nov-22,22,7,Bad
24-Nov-22,57,8,Bad
25-Nov-22,3,4,Good
26-Nov-22,82,8,Bad
27-Nov-22,38,8,Good
28-Nov-22,33,2,Bad
29-Nov-22,18,9,Bad
30-Nov-22,71,8,Good
1-Dec-22,83,3,Bad
2-Dec-22,76,0,Good
3-Dec-22,59,11,Bad
4-Dec-22,41,5,Bad
5-Dec-22,98,1,Bad
6-Dec-22,41,0,Good
7-Dec-22,90,7,Bad
8-Dec-22,9,0,Bad
9-Dec-22,25,1,Good
10-Dec-22,28,10,Good
11-Dec-22,79,4,Bad
12-Dec-22,65,5,Good
13-Dec-22,100,1,Good
14-Dec-22,40,3,Good
15-Dec-22,64,4,Bad
16-Dec-22,10,5,Good
17-Dec-22,98,8,Bad
18-Dec-22,77,3,Good
19-Dec-22,64,8,Bad
20-Dec-22,2,5,Good
21-Dec-22,11,3,Bad
22-Dec-22,30,5,Bad
23-Dec-22,64,8,Bad
24-Dec-22,3,10,Bad
25-Dec-22,64,0,Good
26-Dec-22,61,11,Good
27-Dec-22,75,6,Good
28-Dec-22,89,12,Good
29-Dec-22,62,8,Good
30-Dec-22,20,1,Good
31-Dec-22,80,0,Good
1-Jan-23,21,0,Good
2-Jan-23,37,12,Bad
3-Jan-23,64,3,Good
4-Jan-23,69,9,Good
5-Jan-23,2,4,Good
6-Jan-23,61,0,Good
7-Jan-23,51,13,Bad
8-Jan-23,44,12,Bad
9-Jan-23,2,8,Good
10-Jan-23,71,12,Good
11-Jan-23,38,1,Good
12-Jan-23,25,0,Bad
13-Jan-23,59,12,Bad
14-Jan-23,88,9,Bad
15-Jan-23,35,8,Bad
16-Jan-23,36,12,Good
17-Jan-23,38,10,Bad
18-Jan-23,78,13,Bad
19-Jan-23,72,8,Bad
20-Jan-23,13,0,Good
21-Jan-23,70,0,Good
22-Jan-23,24,5,Bad
23-Jan-23,100,12,Bad
24-Jan-23,68,1,Bad
25-Jan-23,54,3,Bad
26-Jan-23,91,12,Good
27-Jan-23,58,12,Bad
28-Jan-23,100,4,Bad
29-Jan-23,0,0,Good
30-Jan-23,51,1,Bad
31-Jan-23,64,1,Bad
1-Feb-23,64,0,Good
2-Feb-23,33,13,Good
3-Feb-23,26,6,Bad
4-Feb-23,8,8,Bad
5-Feb-23,86,13,Good
6-Feb-23,60,12,Good
7-Feb-23,13,8,Bad
8-Feb-23,3,0,Bad
9-Feb-23,74,12,Good
10-Feb-23,72,0,Bad
11-Feb-23,86,3,Good
12-Feb-23,99,11,Good
13-Feb-23,25,1,Good
14-Feb-23,57,1,Bad
15-Feb-23,61,11,Good
16-Feb-23,75,3,Good
17-Feb-23,6,12,Bad
18-Feb-23,70,12,Bad
19-Feb-23,42,0,Good
20-Feb-23,31,11,Good
21-Feb-23,66,9,Good
22-Feb-23,26,9,Good
23-Feb-23,20,11,Good
24-Feb-23,80,7,Bad
25-Feb-23,75,4,Bad
26-Feb-23,92,1,Bad
27-Feb-23,25,5,Good
28-Feb-23,11,9,Good
1-Mar-23,24,4,Good
2-Mar-23,4,11,Bad
3-Mar-23,68,0,Good
4-Mar-23,55,8,Good
5-Mar-23,7,2,Good
6-Mar-23,46,9,Good
7-Mar-23,0,7,Bad
8-Mar-23,21,3,Bad
9-Mar-23,32,9,Good
10-Mar-23,10,12,Bad
11-Mar-23,7,3,Bad
12-Mar-23,26,11,Good
13-Mar-23,23,0,Bad
14-Mar-23,70,6,Good
15-Mar-23,99,3,Bad
16-Mar-23,30,12,Bad
17-Mar-23,30,9,Bad
18-Mar-23,24,10,Good
19-Mar-23,45,2,Bad
20-Mar-23,22,3,Bad
21-Mar-23,9,11,Bad
22-Mar-23,9,11,Good
23-Mar-23,50,11,Good
24-Mar-23,30,8,Good
25-Mar-23,26,4,Good
26-Mar-23,18,5,Bad
27-Mar-23,8,3,Bad
28-Mar-23,7,10,Good
29-Mar-23,56,11,Good
30-Mar-23,39,6,Bad
31-Mar-23,54,8,Good
1-Apr-23,88,10,Good
2-Apr-23,10,0,Good
3-Apr-23,4,6,Good
4-Apr-23,78,5,Good
5-Apr-23,6,1,Good
6-Apr-23,9,2,Good
7-Apr-23,94,4,Bad
8-Apr-23,92,10,Good
9-Apr-23,40,7,Bad
10-Apr-23,94,6,Good
11-Apr-23,83,5,Bad
12-Apr-23,13,1,Bad
13-Apr-23,86,7,Good
14-Apr-23,10,2,Bad
15-Apr-23,41,13,Good
16-Apr-23,33,10,Bad
17-Apr-23,46,9,Bad
18-Apr-23,58,10,Good
19-Apr-23,79,2,Good
20-Apr-23,91,1,Good
21-Apr-23,34,3,Good
22-Apr-23,25,5,Good
23-Apr-23,53,1,Good
24-Apr-23,96,5,Bad
25-Apr-23,75,2,Bad
26-Apr-23,88,6,Good
27-Apr-23,52,8,Good
28-Apr-23,6,3,Bad
29-Apr-23,82,0,Bad
30-Apr-23,23,7,Bad
1-May-23,95,8,Good
2-May-23,81,9,Bad
3-May-23,95,0,Bad
4-May-23,34,6,Bad
5-May-23,3,11,Bad
6-May-23,45,2,Bad
7-May-23,75,4,Bad
8-May-23,19,7,Good
9-May-23,43,11,Bad
10-May-23,24,13,Good
11-May-23,58,9,Good
12-May-23,65,2,Good
13-May-23,49,13,Bad
14-May-23,29,0,Good
15-May-23,61,2,Bad
16-May-23,22,0,Good
17-May-23,25,9,Good
18-May-23,31,5,Good
19-May-23,47,7,Good
20-May-23,44,9,Good
21-May-23,65,13,Bad
22-May-23,6,6,Good
23-May-23,0,12,Bad
24-May-23,55,0,Bad
25-May-23,56,11,Bad
26-May-23,46,8,Good
27-May-23,67,1,Bad
28-May-23,91,12,Good
29-May-23,68,5,Good
30-May-23,23,4,Bad
31-May-23,65,11,Good
1-Jun-23,52,11,Good
2-Jun-23,43,8,Good
3-Jun-23,49,3,Bad
4-Jun-23,54,11,Good
5-Jun-23,79,9,Good
6-Jun-23,41,12,Bad
7-Jun-23,30,1,Good
8-Jun-23,69,10,Good
9-Jun-23,66,2,Bad
10-Jun-23,83,9,Bad
11-Jun-23,29,0,Bad
12-Jun-23,59,2,Good
13-Jun-23,1,1,Bad
14-Jun-23,29,1,Good
15-Jun-23,8,5,Good
16-Jun-23,18,12,Bad
17-Jun-23,1,13,Bad
18-Jun-23,73,12,Bad
19-Jun-23,77,8,Bad
20-Jun-23,69,0,Bad
21-Jun-23,99,11,Bad
22-Jun-23,57,8,Bad
23-Jun-23,41,7,Bad
24-Jun-23,37,13,Good
25-Jun-23,35,8,Bad
26-Jun-23,50,1,Bad
27-Jun-23,2,5,Bad
28-Jun-23,57,10,Bad
29-Jun-23,21,8,Good
30-Jun-23,79,12,Good
1-Jul-23,73,0,Good
2-Jul-23,95,3,Bad
3-Jul-23,41,6,Good
4-Jul-23,55,0,Bad
5-Jul-23,0,13,Good
6-Jul-23,81,11,Good
7-Jul-23,46,9,Bad
8-Jul-23,80,6,Bad
9-Jul-23,40,7,Good
10-Jul-23,22,11,Good
11-Jul-23,3,10,Bad
12-Jul-23,70,3,Good
13-Jul-23,100,0,Bad
14-Jul-23,83,8,Good
15-Jul-23,73,2,Bad
16-Jul-23,45,3,Bad
17-Jul-23,47,7,Bad
18-Jul-23,37,8,Good
19-Jul-23,30,11,Good
20-Jul-23,60,10,Good
21-Jul-23,8,0,Good
22-Jul-23,61,8,Bad
23-Jul-23,95,2,Good
24-Jul-23,90,0,Good
25-Jul-23,80,7,Good
26-Jul-23,95,8,Good
27-Jul-23,68,13,Good
28-Jul-23,65,12,Bad
29-Jul-23,62,6,Good
30-Jul-23,24,5,Bad
31-Jul-23,76,5,Good
1-Aug-23,99,13,Good
2-Aug-23,98,8,Bad
3-Aug-23,58,1,Bad
4-Aug-23,68,11,Good
5-Aug-23,42,11,Bad
6-Aug-23,97,7,Bad
7-Aug-23,3,8,Good
8-Aug-23,84,9,Good
9-Aug-23,76,8,Bad
10-Aug-23,12,5,Good
11-Aug-23,32,10,Bad
12-Aug-23,34,2,Good
13-Aug-23,22,11,Bad
14-Aug-23,43,2,Good
15-Aug-23,47,4,Bad
16-Aug-23,35,13,Good
17-Aug-23,83,10,Bad
18-Aug-23,51,13,Bad
19-Aug-23,76,11,Bad
20-Aug-23,28,7,Good
21-Aug-23,97,10,Bad
22-Aug-23,97,2,Good
23-Aug-23,82,4,Good
24-Aug-23,52,2,Bad
25-Aug-23,42,1,Bad
26-Aug-23,7,1,Bad
27-Aug-23,82,3,Good
28-Aug-23,91,6,Good
29-Aug-23,33,1,Good
30-Aug-23,56,0,Bad
31-Aug-23,22,8,Bad
1-Sep-23,43,8,Good
2-Sep-23,45,8,Good
3-Sep-23,29,11,Good
4-Sep-23,88,9,Good
5-Sep-23,46,11,Bad
6-Sep-23,92,2,Good
7-Sep-23,32,7,Bad
8-Sep-23,49,6,Good
9-Sep-23,100,10,Good
10-Sep-23,64,1,Bad
11-Sep-23,94,8,Bad
12-Sep-23,94,11,Bad
13-Sep-23,68,11,Good
14-Sep-23,69,6,Good
15-Sep-23,54,7,Good
16-Sep-23,45,4,Good
17-Sep-23,40,5,Bad
18-Sep-23,85,12,Good
19-Sep-23,12,10,Bad
20-Sep-23,58,7,Bad
21-Sep-23,70,7,Bad
22-Sep-23,24,2,Bad
23-Sep-23,69,9,Good
24-Sep-23,52,9,Good
25-Sep-23,24,13,Good
26-Sep-23,78,0,Good
27-Sep-23,37,5,Good
28-Sep-23,47,4,Good
29-Sep-23,81,5,Good
30-Sep-23,62,13,Bad
1-Oct-23,92,3,Good
2-Oct-23,21,6,Bad
3-Oct-23,10,9,Bad
4-Oct-23,35,12,Good
5-Oct-23,17,6,Bad
6-Oct-23,81,7,Bad
7-Oct-23,5,10,Good
8-Oct-23,57,1,Bad
9-Oct-23,30,1,Good
10-Oct-23,33,3,Bad
11-Oct-23,22,1,Good
12-Oct-23,27,0,Good
13-Oct-23,62,9,Bad
14-Oct-23,9,2,Good
15-Oct-23,41,11,Bad
16-Oct-23,96,3,Good
17-Oct-23,99,7,Bad
18-Oct-23,72,3,Good
19-Oct-23,46,13,Good
20-Oct-23,66,1,Bad
21-Oct-23,47,2,Bad
22-Oct-23,29,1,Bad
23-Oct-23,68,13,Good
24-Oct-23,71,9,Bad
25-Oct-23,46,10,Bad
26-Oct-23,38,8,Good
27-Oct-23,3,7,Bad
28-Oct-23,60,4,Good
29-Oct-23,35,3,Good
30-Oct-23,65,10,Good
31-Oct-23,39,11,Bad
1-Nov-23,95,0,Good
2-Nov-23,33,2,Good
3-Nov-23,38,8,Bad
4-Nov-23,36,5,Bad
5-Nov-23,0,10,Bad
6-Nov-23,28,13,Bad
7-Nov-23,15,6,Good
8-Nov-23,91,13,Good
9-Nov-23,40,6,Good
10-Nov-23,44,8,Good
11-Nov-23,8,7,Good
12-Nov-23,29,8,Good
13-Nov-23,11,2,Good
14-Nov-23,83,7,Good
15-Nov-23,38,11,Bad
16-Nov-23,84,10,Good
17-Nov-23,37,5,Bad
18-Nov-23,87,9,Good
19-Nov-23,75,2,Good
20-Nov-23,67,11,Bad
21-Nov-23,65,3,Good
22-Nov-23,71,5,Bad
23-Nov-23,87,5,Good
24-Nov-23,52,12,Good
25-Nov-23,91,3,Bad
26-Nov-23,55,13,Bad
27-Nov-23,61,13,Good
28-Nov-23,91,4,Bad
29-Nov-23,19,12,Bad
30-Nov-23,52,6,Good
1-Dec-23,82,5,Bad
2-Dec-23,22,8,Good
3-Dec-23,45,7,Good
4-Dec-23,78,5,Bad
5-Dec-23,73,11,Bad
6-Dec-23,80,1,Good
7-Dec-23,34,4,Bad
8-Dec-23,8,11,Bad
9-Dec-23,44,8,Bad
10-Dec-23,31,7,Good
11-Dec-23,93,0,Good
12-Dec-23,86,12,Bad
13-Dec-23,13,4,Good
14-Dec-23,51,5,Bad
15-Dec-23,63,1,Good
16-Dec-23,79,1,Good
17-Dec-23,48,12,Bad
18-Dec-23,9,13,Bad
19-Dec-23,27,3,Bad
20-Dec-23,80,4,Good
21-Dec-23,59,3,Bad
22-Dec-23,49,2,Bad
23-Dec-23,100,6,Good
24-Dec-23,72,9,Bad
25-Dec-23,69,13,Bad
26-Dec-23,54,5,Bad
27-Dec-23,42,12,Good
28-Dec-23,63,4,Good
29-Dec-23,76,3,Bad
30-Dec-23,80,10,Bad
31-Dec-23,70,8,Good
1-Jan-24,41,12,Bad
2-Jan-24,5,5,Good
3-Jan-24,39,6,Good
4-Jan-24,27,7,Good
5-Jan-24,25,7,Bad
6-Jan-24,69,12,Good
7-Jan-24,71,10,Bad
8-Jan-24,50,6,Bad
9-Jan-24,0,10,Bad
10-Jan-24,88,10,Bad
11-Jan-24,59,4,Bad
12-Jan-24,33,11,Good
13-Jan-24,70,12,Bad
14-Jan-24,4,10,Good
15-Jan-24,59,6,Good
16-Jan-24,43,9,Good
17-Jan-24,73,5,Good
18-Jan-24,90,0,Good
19-Jan-24,14,11,Bad
20-Jan-24,97,5,Bad
21-Jan-24,53,0,Bad
22-Jan-24,4,12,Bad
23-Jan-24,92,5,Good
24-Jan-24,0,3,Bad
25-Jan-24,87,13,Good
26-Jan-24,68,11,Good
27-Jan-24,38,6,Bad
28-Jan-24,22,6,Bad
29-Jan-24,72,12,Good
30-Jan-24,14,2,Bad
31-Jan-24,59,5,Good
1-Feb-24,5,6,Bad
2-Feb-24,87,0,Good
3-Feb-24,48,7,Bad
4-Feb-24,27,5,Bad
5-Feb-24,41,5,Bad
6-Feb-24,86,9,Good
7-Feb-24,9,0,Good
8-Feb-24,85,13,Bad
9-Feb-24,1,2,Bad
10-Feb-24,54,13,Bad
11-Feb-24,11,7,Good
12-Feb-24,34,3,Bad
13-Feb-24,31,6,Bad
14-Feb-24,36,5,Bad
15-Feb-24,54,8,Good
16-Feb-24,12,0,Bad
17-Feb-24,63,3,Bad
18-Feb-24,94,2,Bad
19-Feb-24,20,4,Good
20-Feb-24,70,10,Good
21-Feb-24,94,1,Good
22-Feb-24,11,5,Good
23-Feb-24,70,2,Good
24-Feb-24,12,4,Good
25-Feb-24,80,9,Bad
26-Feb-24,62,13,Bad
27-Feb-24,68,6,Good
28-Feb-24,10,3,Bad
29-Feb-24,42,3,Good
1-Mar-24,69,8,Bad
2-Mar-24,24,6,Bad
3-Mar-24,99,10,Good
4-Mar-24,94,9,Good
5-Mar-24,10,7,Good
6-Mar-24,78,2,Bad
7-Mar-24,96,9,Bad
8-Mar-24,66,2,Bad
9-Mar-24,67,5,Good
10-Mar-24,51,12,Bad
11-Mar-24,12,9,Good
12-Mar-24,21,13,Bad
13-Mar-24,29,13,Good
14-Mar-24,43,1,Good
15-Mar-24,44,8,Bad
16-Mar-24,32,6,Good
17-Mar-24,73,5,Bad
18-Mar-24,66,3,Good
19-Mar-24,93,1,Good
20-Mar-24,54,11,Bad
21-Mar-24,32,13,Bad
22-Mar-24,44,3,Good
23-Mar-24,7,9,Bad
24-Mar-24,97,2,Good
25-Mar-24,71,4,Bad
26-Mar-24,100,6,Bad
27-Mar-24,54,12,Bad
28-Mar-24,52,10,Good
29-Mar-24,40,3,Good
30-Mar-24,99,8,Good
31-Mar-24,46,2,Bad
1-Apr-24,51,12,Good
2-Apr-24,78,3,Good
3-Apr-24,30,0,Good
4-Apr-24,60,4,Good
5-Apr-24,34,10,Bad
6-Apr-24,48,4,Bad
7-Apr-24,34,5,Bad
8-Apr-24,12,10,Bad
9-Apr-24,69,5,Bad
10-Apr-24,1,0,Bad
11-Apr-24,91,2,Bad
12-Apr-24,82,7,Good
13-Apr-24,22,1,Good
14-Apr-24,11,7,Good
15-Apr-24,97,0,Bad
16-Apr-24,2,1,Good
17-Apr-24,96,6,Good
18-Apr-24,67,4,Bad
19-Apr-24,16,7,Good
20-Apr-24,97,1,Bad
21-Apr-24,63,12,Good
22-Apr-24,23,6,Bad
23-Apr-24,54,13,Bad
24-Apr-24,19,2,Good
25-Apr-24,23,3,Good
26-Apr-24,91,13,Bad
27-Apr-24,78,11,Good
28-Apr-24,75,4,Bad
29-Apr-24,91,11,Bad
30-Apr-24,13,6,Good
1-May-24,99,1,Good
2-May-24,38,9,Good
3-May-24,97,4,Bad
4-May-24,79,10,Good
5-May-24,65,5,Good
6-May-24,68,5,Good
7-May-24,50,11,Bad
8-May-24,5,13,Good
9-May-24,44,8,Bad
10-May-24,54,6,Good
11-May-24,57,10,Bad
12-May-24,21,3,Good
13-May-24,2,13,Good
14-May-24,19,10,Bad
15-May-24,64,4,Good
16-May-24,67,11,Good
17-May-24,57,7,Good
18-May-24,94,1,Good
19-May-24,26,0,Bad
20-May-24,42,1,Good
21-May-24,89,7,Good
22-May-24,61,12,Bad
23-May-24,69,6,Good
24-May-24,25,8,Bad
25-May-24,20,0,Good
26-May-24,81,1,Bad
27-May-24,62,4,Bad
28-May-24,48,10,Bad
29-May-24,95,6,Good
30-May-24,79,13,Good
31-May-24,73,3,Bad
1-Jun-24,41,6,Bad
2-Jun-24,39,4,Bad
3-Jun-24,88,1,Bad
4-Jun-24,27,12,Bad
5-Jun-24,47,5,Good
6-Jun-24,87,10,Good
7-Jun-24,1,7,Bad
8-Jun-24,82,8,Good
9-Jun-24,98,13,Bad
10-Jun-24,98,13,Bad
11-Jun-24,74,7,Good
12-Jun-24,53,1,Good
13-Jun-24,65,12,Bad
14-Jun-24,66,4,Bad
15-Jun-24,29,4,Bad
16-Jun-24,48,7,Bad
17-Jun-24,94,11,Good
18-Jun-24,41,5,Bad
19-Jun-24,11,1,Bad
20-Jun-24,44,0,Good
21-Jun-24,59,6,Good
22-Jun-24,37,0,Good
23-Jun-24,81,11,Bad
24-Jun-24,44,6,Good
25-Jun-24,16,8,Good
26-Jun-24,42,9,Bad
27-Jun-24,95,12,Bad
28-Jun-24,44,9,Bad
29-Jun-24,80,0,Bad
30-Jun-24,14,3,Bad
1-Jul-24,23,0,Good
2-Jul-24,64,4,Good
3-Jul-24,70,2,Bad
4-Jul-24,42,13,Bad
5-Jul-24,35,6,Bad
6-Jul-24,76,11,Good
7-Jul-24,85,11,Bad
8-Jul-24,82,7,Bad
9-Jul-24,62,6,Bad
10-Jul-24,100,12,Bad
11-Jul-24,42,2,Good
12-Jul-24,50,7,Bad
13-Jul-24,40,7,Bad
14-Jul-24,64,0,Bad
15-Jul-24,50,5,Bad
16-Jul-24,41,8,Bad
17-Jul-24,62,0,Bad
18-Jul-24,64,4,Bad
19-Jul-24,78,10,Good
20-Jul-24,3,4,Good
21-Jul-24,95,7,Good
22-Jul-24,7,4,Bad
23-Jul-24,45,4,Good
24-Jul-24,79,4,Good
25-Jul-24,30,5,Bad
26-Jul-24,36,9,Bad
27-Jul-24,66,2,Good
28-Jul-24,79,6,Good
29-Jul-24,86,12,Bad
30-Jul-24,72,6,Good
31-Jul-24,85,11,Good
1-Aug-24,18,1,Bad
2-Aug-24,27,4,Bad
3-Aug-24,78,3,Bad
4-Aug-24,91,7,Bad
5-Aug-24,95,8,Good
6-Aug-24,24,8,Good
7-Aug-24,26,3,Good
8-Aug-24,1,9,Good
9-Aug-24,97,10,Good
10-Aug-24,67,7,Good
11-Aug-24,25,2,Bad
12-Aug-24,53,0,Bad
13-Aug-24,23,13,Bad
14-Aug-24,12,9,Good
15-Aug-24,22,7,Bad
16-Aug-24,78,11,Bad
17-Aug-24,7,11,Good
18-Aug-24,71,1,Good
19-Aug-24,70,4,Bad
20-Aug-24,42,5,Bad
21-Aug-24,92,12,Good
22-Aug-24,82,0,Good
23-Aug-24,40,6,Good
24-Aug-24,93,13,Good
25-Aug-24,10,12,Good
26-Aug-24,0,1,Bad
27-Aug-24,28,4,Good
28-Aug-24,16,5,Good
29-Aug-24,7,12,Good
30-Aug-24,31,13,Bad
31-Aug-24,55,6,Good
1-Sep-24,37,0,Good
2-Sep-24,92,1,Bad
3-Sep-24,11,2,Good
4-Sep-24,27,12,Bad
5-Sep-24,4,12,Bad
6-Sep-24,51,6,Good
7-Sep-24,16,7,Bad
8-Sep-24,87,8,Good
9-Sep-24,37,9,Good
10-Sep-24,90,10,Good
11-Sep-24,76,9,Bad
12-Sep-24,22,9,Bad
13-Sep-24,55,13,Bad
14-Sep-24,75,8,Bad
15-Sep-24,51,11,Good
16-Sep-24,78,7,Good
17-Sep-24,7,12,Bad
18-Sep-24,79,7,Bad
19-Sep-24,75,4,Bad
20-Sep-24,29,0,Bad
21-Sep-24,40,1,Bad
22-Sep-24,21,5,Good
23-Sep-24,99,0,Bad
24-Sep-24,80,0,Good
25-Sep-24,24,4,Bad
26-Sep-24,47,2,Good
27-Sep-24,44,0,Bad
28-Sep-24,4,5,Bad
29-Sep-24,54,13,Good
30-Sep-24,72,12,Bad
1-Oct-24,5,7,Good
2-Oct-24,11,2,Good
3-Oct-24,44,12,Good
4-Oct-24,19,0,Bad
5-Oct-24,71,4,Bad
6-Oct-24,39,8,Bad
7-Oct-24,97,9,Bad
8-Oct-24,24,10,Good
9-Oct-24,19,13,Bad
10-Oct-24,63,6,Good
11-Oct-24,26,0,Bad
12-Oct-24,9,1,Bad
13-Oct-24,48,0,Good
14-Oct-24,65,8,Good
15-Oct-24,84,10,Bad
16-Oct-24,85,0,Good
17-Oct-24,42,1,Good
18-Oct-24,17,7,Bad
19-Oct-24,10,3,Bad
20-Oct-24,2,10,Good
21-Oct-24,99,5,Bad
22-Oct-24,50,8,Good
23-Oct-24,51,9,Good
24-Oct-24,53,11,Bad
25-Oct-24,42,3,Bad
26-Oct-24,17,11,Good
27-Oct-24,48,12,Bad
28-Oct-24,25,0,Bad
29-Oct-24,37,8,Bad
30-Oct-24,79,12,Good
31-Oct-24,58,6,Good
1-Nov-24,96,10,Good
2-Nov-24,6,5,Bad
3-Nov-24,43,6,Good
4-Nov-24,29,5,Good
5-Nov-24,2,8,Bad
6-Nov-24,81,6,Good
7-Nov-24,71,7,Bad
8-Nov-24,19,7,Good
9-Nov-24,32,1,Good
10-Nov-24,92,13,Bad
11-Nov-24,26,2,Bad
12-Nov-24,95,8,Good
13-Nov-24,45,5,Good
14-Nov-24,67,0,Good
15-Nov-24,76,2,Bad
16-Nov-24,25,9,Good
17-Nov-24,91,12,Bad
18-Nov-24,26,7,Bad
19-Nov-24,65,0,Bad
20-Nov-24,40,5,Good
21-Nov-24,47,1,Good
22-Nov-24,82,3,Bad
23-Nov-24,27,10,Bad
24-Nov-24,41,11,Bad
25-Nov-24,95,1,Good
26-Nov-24,29,9,Bad
27-Nov-24,83,2,Bad
28-Nov-24,48,9,Good
29-Nov-24,6,1,Good
30-Nov-24,64,6,Good
1-Dec-24,62,10,Good
2-Dec-24,74,2,Good
3-Dec-24,42,2,Good
4-Dec-24,79,8,Good
5-Dec-24,84,7,Bad
6-Dec-24,93,10,Bad
7-Dec-24,99,11,Good
8-Dec-24,58,0,Bad
9-Dec-24,7,10,Bad
10-Dec-24,36,5,Good
11-Dec-24,42,13,Bad
12-Dec-24,61,10,Bad
13-Dec-24,93,4,Bad
14-Dec-24,30,1,Good
15-Dec-24,40,10,Good
16-Dec-24,69,12,Bad
17-Dec-24,96,9,Good
18-Dec-24,25,11,Good
19-Dec-24,35,6,Bad
20-Dec-24,46,9,Bad
21-Dec-24,92,0,Good
22-Dec-24,82,12,Good
23-Dec-24,62,2,Good
24-Dec-24,85,11,Good
25-Dec-24,31,12,Bad
26-Dec-24,80,2,Bad
27-Dec-24,68,1,Good
28-Dec-24,70,3,Good
29-Dec-24,92,12,Bad
30-Dec-24,62,1,Bad
31-Dec-24,88,4,Good
